<library path="rviz_plugin_server_uhdp_lrr">

  <class name="rviz_plugin_server_uhdp_lrr/LRRDetectionListDisplay"
    type="rviz_plugin_server_uhdp_lrr::LRRDetectionListDisplay"
    base_class_type="rviz_common::Display">
    <description>
      Displays Detection Lists from LRR Uhdp
    </description>
    <message_type>server_replay_lrr/msg/MsgDetectionListUhdp</message_type>
  </class>

  <class name="rviz_plugin_server_uhdp_lrr/LRRPointCloudDisplay"
    type="rviz_plugin_server_uhdp_lrr::LRRPointCloudDisplay"
    base_class_type="rviz_common::Display">
    <description>
      Displays Point Cloud Detections from LRR Uhdp
    </description>
    <message_type>server_replay_lrr/msg/MsgPointCloud</message_type>
  </class>

</library>