<library path="rviz_plugin_swc_merdrdatacubemidw">

  <class name="rviz_plugin_swc_merdrdatacubemidw/MidWDetectionListDisplay" type="rviz_plugin_swc_merdrdatacubemidw::MidWDetectionListDisplay" base_class_type="rviz_common::Display">
    <description>
      Displays Detection Lists from swc_merdrdatacubemidw node
    </description>
    <message_type>msg_swc_common/msg/MsgDetnGetMidWDataType</message_type>
  </class>

  <class name="rviz_plugin_swc_merdrdatacubemidw/MidWPointCloudDisplay" type="rviz_plugin_swc_merdrdatacubemidw::MidWPointCloudDisplay" base_class_type="rviz_common::Display">
    <description>
      Displays Point Cloud from swc_merdrdatacubemidw node
    </description>
    <message_type>msg_swc_common/msg/MsgDetnGetMidWDataType</message_type>
  </class>

</library>