<library path="rviz_plugin_server_uhdp_mrr">

  <class name="rviz_plugin_server_uhdp_mrr/UhdpDetectionListDisplay"
    type="rviz_plugin_server_uhdp_mrr::UhdpDetectionListDisplay"
    base_class_type="rviz_common::Display">
    <description>
      Displays Detection Lists from Uhdp
    </description>
    <message_type>msg_replay_radar/msg/MsgRdcDetnListRvizType</message_type>
  </class>

  <class name="rviz_plugin_server_uhdp_mrr/UhdpPointCloudDisplay"
    type="rviz_plugin_server_uhdp_mrr::UhdpPointCloudDisplay"
    base_class_type="rviz_common::Display">
    <description>
      Displays Point Cloud Detections from Uhdp
    </description>
    <message_type>msg_replay_radar/msg/MsgRdcPointCloudListRvizType</message_type>
  </class>

</library>