<library path="rviz_plugin_swc_live_addon">

  <class name="rviz_plugin_swc_live_addon/LiveTrackerObjectListDisplay"
    type="rviz_plugin_swc_live_addon::LiveTrackerObjectListDisplay"
    base_class_type="rviz_common::Display">
    <description>
      Displays Live Tracker ObjectList.
    </description>
    <message_type>msg_live_addon/msg/MsgObjdataType</message_type>
  </class>

  <class name="rviz_plugin_swc_live_addon/LiveObjectPropertiesPanel"
    type="rviz_plugin_swc_live_addon::LiveObjectPropertiesPanel"
    base_class_type="rviz_common::Panel">
    <description>
      Displays Live Tracker Object Properties.
    </description>
  </class>

  <class name="rviz_plugin_swc_live_addon/CanObjectListDisplay"
    type="rviz_plugin_swc_live_addon::CanObjectListDisplay" base_class_type="rviz_common::Display">
    <description>
      Displays Can ObjectList.
    </description>
    <message_type>msg_live_addon/msg/MsgCanObjListType</message_type>
  </class>

  <class name="rviz_plugin_swc_live_addon/CanObjectPropertiesPanel"
    type="rviz_plugin_swc_live_addon::CanObjectPropertiesPanel" base_class_type="rviz_common::Panel">
    <description>
      Displays Can Object Properties.
    </description>
  </class>

  <class name="rviz_plugin_swc_live_addon/RoadBorderDisplay"
    type="rviz_plugin_swc_live_addon::RoadBorderDisplay" base_class_type="rviz_common::Display">
    <description>
      Displays Roadborder data.
    </description>
    <message_type>msg_live_addon/msg/MsgRoadborderType</message_type>
  </class>

  <class name="rviz_plugin_swc_live_addon/RoadBorderPropertiesPanel"
    type="rviz_plugin_swc_live_addon::RoadBorderPropertiesPanel"
    base_class_type="rviz_common::Panel">
    <description>
      Displays Road Border Properties.
    </description>
  </class>

</library>