[
  {
    "ros_package": "radar_uhdp_server",
    "ros_node_name": "radar_uhdp_server_node",
    "params_config": {
      "radar_uhdp_server_node": {
        "ros__parameters": {
          "replay_mf4_filepaths": [
            "/home/kpit/magna/mf4/RADAR_BenchRadar01_20220427_113625_Sabine-0-2-1_RADRW_000001.mf4"
          ],
          "rosbag_path": "/home/kpit/magna/mf4/RADAR_BenchRadar01_20220427_113625_Sabine-0-2-1_RADRW_000001.ros2bag",
          "radar_type": "SST_MRR_FRONT_CENTER",
          "radar_name": "radar1",
          "ss_doppler_near_range": 5,
          "ss_doppler_far_range": 9,
          "scan0": {
          "detection_thresh_snr_dB": 15,
          "clutter_image_thresh_snr_dB": 15,
          "point_cloud_thresh_snr_dB": 15,
          "scale_det_thresh_max_range": 0,
          "scale_det_thresh_snr_adj": 0,
          "ego_zero_stationary_threshold_mps": 0.05,
          "ego_nonz_stationary_threshold_mps": 0.4,
          "notch_width_radians": 0.53,
          "notch_depth_dB": 12,
          "outer_depth_dB": 7
          } ,
          "scan1": {
          "detection_thresh_snr_dB": 15,
          "clutter_image_thresh_snr_dB": 15,
          "point_cloud_thresh_snr_dB": 15,
          "scale_det_thresh_max_range": 0,
          "scale_det_thresh_snr_adj": 0,
          "ego_zero_stationary_threshold_mps": 0.05,
          "ego_nonz_stationary_threshold_mps": 0.4,
          "notch_width_radians": 0.53,
          "notch_depth_dB": 12,
          "outer_depth_dB": 7
          } ,          
          "scan2": {
          "detection_thresh_snr_dB": 15,
          "clutter_image_thresh_snr_dB": 15,
          "point_cloud_thresh_snr_dB": 15,
          "scale_det_thresh_max_range": 0,
          "scale_det_thresh_snr_adj": 0,
          "ego_zero_stationary_threshold_mps": 0.05,
          "ego_nonz_stationary_threshold_mps": 0.4,
          "notch_width_radians": 0.53,
          "notch_depth_dB": 12,
          "outer_depth_dB": 7
          } ,          
          "scan3": {
          "detection_thresh_snr_dB": 15,
          "clutter_image_thresh_snr_dB": 15,
          "point_cloud_thresh_snr_dB": 15,
          "scale_det_thresh_max_range": 0,
          "scale_det_thresh_snr_adj": 0,
          "ego_zero_stationary_threshold_mps": 0.05,
          "ego_nonz_stationary_threshold_mps": 0.4,
          "notch_width_radians": 0.53,
          "notch_depth_dB": 12,
          "outer_depth_dB": 7
          }
        }
      }
    },
    "params_info_config": {
      "radar_type": {
        "type": "string",
        "values": [
          "SST_MRR_FRONT_CENTER",
          "SST_MRR_FRONT_CORNER"
        ]
      },
      "replay_mf4_filepaths": {
        "type": "string_array",
        "values": []
      },
      "rosbag_path": {
        "type": "filepath",
        "values": []
      },
      "radar_name": {
        "type": "string",
        "values": []
      },
      "detection_thresh_snr_dB": {
        "type": "double",
        "values": []
      },
      "clutter_image_thresh_snr_dB": {
        "type": "double",
        "values": []
      },
      "point_cloud_thresh_snr_dB": {
        "type": "double",
        "values": []
      },
      "scale_det_thresh_max_range": {
        "type": "double",
        "values": []
      },
      "scale_det_thresh_snr_adj": {
        "type": "double",
        "values": []
      },
      "ego_zero_stationary_threshold_mps": {
        "type": "double",
        "values": []
      },
      "ego_nonz_stationary_threshold_mps": {
        "type": "double",
        "values": []
      },
      "notch_width_radians": {
        "type": "double",
        "values": []
      },
      "notch_depth_dB": {
        "type": "double",
        "values": []
      },
      "outer_depth_dB": {
        "type": "double",
        "values": []
      },
      "ss_doppler_near_range": {
        "type": "double",
        "values": []
      },
      "ss_doppler_far_range": {
        "type": "double",
        "values": []
      }
    }
  },
  {
    "ros_package": "swc_merdrdatacubemidw",
    "ros_node_name": "swc_merdrdatacubemidw_app",
    "params_config": {
      "swc_merdrdatacubemidw_app": {
        "ros__parameters": {
          "param_swc_merdrdatacubemidw_trigger_cyclic_counter": 61,
          "param_swc_merdrdatacubemidw_trigger_cyclic_immediate": true,
          "param_swc_merdrdatacubemidw_trigger_cyclic_node": "radar_uhdp_server",
          "param_swc_merdrdatacubemidw_completetrigger_node": "swc_merdrdatacubemidw"
        }
      }
    },
    "params_info_config": {
      "param_swc_merdrdatacubemidw_trigger_cyclic_counter": {
        "type": "int",
        "values": []
      },
      "param_swc_merdrdatacubemidw_trigger_cyclic_immediate": {
        "type": "bool",
        "values": [
          "True",
          "False"
        ]
      },
      "param_swc_merdrdatacubemidw_trigger_cyclic_node": {
        "type": "string",
        "values": [
          "radar_uhdp_server",
          "swc_merdrdatacubemidw"
        ]
      },
      "param_swc_merdrdatacubemidw_completetrigger_node": {
        "type": "string",
        "values": [
          "radar_uhdp_server",
          "swc_merdrdatacubemidw"
        ]
      }
    }
  }
]
